{
    "dataResources": [
        {
            "patient_id": "4e0a6",
            "gestaional_age": 302,
            "demographic_age": 33,
            "BMI": "4e0a6",
            "findings": [
                "There is no structural defects and normal flow patterns",
                "no fetal abnormalities detected in this scan"
            ],
            "images": [
                "C:\\Projects\\Origin Medical Research DE Challenge\\RC-datasets\\data-operations_role-challenge-2_DICOM-processing-analysis\\assets\\dicom-dataset\\I0",
                "C:\\Projects\\Origin Medical Research DE Challenge\\RC-datasets\\data-operations_role-challenge-2_DICOM-processing-analysis\\assets\\dicom-dataset\\I1"
            ]
        },
        {
            "patient_id": "ffe11",
            "gestaional_age": 308,
            "demographic_age": 35,
            "BMI": "ffe11",
            "findings": [
                "There is no structural defects and normal flow patterns",
                "fetal abnormalities detected in this scan"
            ],
            "images": [
                "C:\\Projects\\Origin Medical Research DE Challenge\\RC-datasets\\data-operations_role-challenge-2_DICOM-processing-analysis\\assets\\dicom-dataset\\I10",
                "C:\\Projects\\Origin Medical Research DE Challenge\\RC-datasets\\data-operations_role-challenge-2_DICOM-processing-analysis\\assets\\dicom-dataset\\I100"
            ]
        },
        {
            "patient_id": "e22e1",
            "gestaional_age": 199,
            "demographic_age": 34,
            "BMI": "e22e1",
            "findings": [
                "There is no structural defects and normal flow patterns",
                "no fetal abnormalities detected in this scan"
            ],
            "images": [
                "C:\\Projects\\Origin Medical Research DE Challenge\\RC-datasets\\data-operations_role-challenge-2_DICOM-processing-analysis\\assets\\dicom-dataset\\I11",
                "C:\\Projects\\Origin Medical Research DE Challenge\\RC-datasets\\data-operations_role-challenge-2_DICOM-processing-analysis\\assets\\dicom-dataset\\I12"
            ]
        },
        {
            "patient_id": "3c108",
            "gestaional_age": 296,
            "demographic_age": 33,
            "BMI": "3c108",
            "findings": [
                "There is no structural defects and normal flow patterns",
                "no fetal abnormalities detected in this scan"
            ],
            "images": [
                "C:\\Projects\\Origin Medical Research DE Challenge\\RC-datasets\\data-operations_role-challenge-2_DICOM-processing-analysis\\assets\\dicom-dataset\\I13",
                "C:\\Projects\\Origin Medical Research DE Challenge\\RC-datasets\\data-operations_role-challenge-2_DICOM-processing-analysis\\assets\\dicom-dataset\\I14"
            ]
        },
        {
            "patient_id": "4dace",
            "gestaional_age": 299,
            "demographic_age": 29,
            "BMI": "4dace",
            "findings": [
                "There is no structural defects and normal flow patterns",
                "fetal abnormalities detected in this scan"
            ],
            "images": [
                "C:\\Projects\\Origin Medical Research DE Challenge\\RC-datasets\\data-operations_role-challenge-2_DICOM-processing-analysis\\assets\\dicom-dataset\\I15",
                "C:\\Projects\\Origin Medical Research DE Challenge\\RC-datasets\\data-operations_role-challenge-2_DICOM-processing-analysis\\assets\\dicom-dataset\\I16"
            ]
        },
        {
            "patient_id": "2911d",
            "gestaional_age": 221,
            "demographic_age": 40,
            "BMI": "2911d",
            "findings": [
                "There is no structural defects and normal flow patterns",
                "no fetal abnormalities detected in this scan"
            ],
            "images": [
                "C:\\Projects\\Origin Medical Research DE Challenge\\RC-datasets\\data-operations_role-challenge-2_DICOM-processing-analysis\\assets\\dicom-dataset\\I17",
                "C:\\Projects\\Origin Medical Research DE Challenge\\RC-datasets\\data-operations_role-challenge-2_DICOM-processing-analysis\\assets\\dicom-dataset\\I18"
            ]
        },
        {
            "patient_id": "5b6e8",
            "gestaional_age": 248,
            "demographic_age": 31,
            "BMI": "5b6e8",
            "findings": [
                "There is no structural defects and normal flow patterns",
                "fetal abnormalities detected in this scan"
            ],
            "images": [
                "C:\\Projects\\Origin Medical Research DE Challenge\\RC-datasets\\data-operations_role-challenge-2_DICOM-processing-analysis\\assets\\dicom-dataset\\I19",
                "C:\\Projects\\Origin Medical Research DE Challenge\\RC-datasets\\data-operations_role-challenge-2_DICOM-processing-analysis\\assets\\dicom-dataset\\I2"
            ]
        },
        {
            "patient_id": "2ba24",
            "gestaional_age": 247,
            "demographic_age": 27,
            "BMI": "2ba24",
            "findings": [
                "There is no structural defects and normal flow patterns",
                "no fetal abnormalities detected in this scan"
            ],
            "images": [
                "C:\\Projects\\Origin Medical Research DE Challenge\\RC-datasets\\data-operations_role-challenge-2_DICOM-processing-analysis\\assets\\dicom-dataset\\I20",
                "C:\\Projects\\Origin Medical Research DE Challenge\\RC-datasets\\data-operations_role-challenge-2_DICOM-processing-analysis\\assets\\dicom-dataset\\I21"
            ]
        },
        {
            "patient_id": "51b6c",
            "gestaional_age": 275,
            "demographic_age": 37,
            "BMI": "51b6c",
            "findings": [
                "There is no structural defects and normal flow patterns",
                "fetal abnormalities detected in this scan"
            ],
            "images": [
                "C:\\Projects\\Origin Medical Research DE Challenge\\RC-datasets\\data-operations_role-challenge-2_DICOM-processing-analysis\\assets\\dicom-dataset\\I22",
                "C:\\Projects\\Origin Medical Research DE Challenge\\RC-datasets\\data-operations_role-challenge-2_DICOM-processing-analysis\\assets\\dicom-dataset\\I23"
            ]
        },
        {
            "patient_id": "6b580",
            "gestaional_age": 155,
            "demographic_age": 32,
            "BMI": "6b580",
            "findings": [
                "There is no structural defects and normal flow patterns",
                "no fetal abnormalities detected in this scan"
            ],
            "images": [
                "C:\\Projects\\Origin Medical Research DE Challenge\\RC-datasets\\data-operations_role-challenge-2_DICOM-processing-analysis\\assets\\dicom-dataset\\I24",
                "C:\\Projects\\Origin Medical Research DE Challenge\\RC-datasets\\data-operations_role-challenge-2_DICOM-processing-analysis\\assets\\dicom-dataset\\I25"
            ]
        },
        {
            "patient_id": "5fd39",
            "gestaional_age": 267,
            "demographic_age": 27,
            "BMI": "5fd39",
            "findings": [
                "There is no structural defects and normal flow patterns",
                "fetal abnormalities detected in this scan"
            ],
            "images": [
                "C:\\Projects\\Origin Medical Research DE Challenge\\RC-datasets\\data-operations_role-challenge-2_DICOM-processing-analysis\\assets\\dicom-dataset\\I26",
                "C:\\Projects\\Origin Medical Research DE Challenge\\RC-datasets\\data-operations_role-challenge-2_DICOM-processing-analysis\\assets\\dicom-dataset\\I27"
            ]
        },
        {
            "patient_id": "fde20",
            "gestaional_age": 204,
            "demographic_age": 34,
            "BMI": "fde20",
            "findings": [
                "There is no structural defects and normal flow patterns",
                "no fetal abnormalities detected in this scan"
            ],
            "images": [
                "C:\\Projects\\Origin Medical Research DE Challenge\\RC-datasets\\data-operations_role-challenge-2_DICOM-processing-analysis\\assets\\dicom-dataset\\I28",
                "C:\\Projects\\Origin Medical Research DE Challenge\\RC-datasets\\data-operations_role-challenge-2_DICOM-processing-analysis\\assets\\dicom-dataset\\I29"
            ]
        },
        {
            "patient_id": "f2bd9",
            "gestaional_age": 224,
            "demographic_age": 31,
            "BMI": "f2bd9",
            "findings": [
                "There is no structural defects and normal flow patterns",
                "no fetal abnormalities detected in this scan"
            ],
            "images": [
                "C:\\Projects\\Origin Medical Research DE Challenge\\RC-datasets\\data-operations_role-challenge-2_DICOM-processing-analysis\\assets\\dicom-dataset\\I3",
                "C:\\Projects\\Origin Medical Research DE Challenge\\RC-datasets\\data-operations_role-challenge-2_DICOM-processing-analysis\\assets\\dicom-dataset\\I30"
            ]
        },
        {
            "patient_id": "2e786",
            "gestaional_age": 291,
            "demographic_age": 31,
            "BMI": "2e786",
            "findings": [
                "There is no structural defects and normal flow patterns",
                "no fetal abnormalities detected in this scan"
            ],
            "images": [
                "C:\\Projects\\Origin Medical Research DE Challenge\\RC-datasets\\data-operations_role-challenge-2_DICOM-processing-analysis\\assets\\dicom-dataset\\I31",
                "C:\\Projects\\Origin Medical Research DE Challenge\\RC-datasets\\data-operations_role-challenge-2_DICOM-processing-analysis\\assets\\dicom-dataset\\I32"
            ]
        },
        {
            "patient_id": "e52ba",
            "gestaional_age": 311,
            "demographic_age": 39,
            "BMI": "e52ba",
            "findings": [
                "There is no structural defects and normal flow patterns",
                "no fetal abnormalities detected in this scan"
            ],
            "images": [
                "C:\\Projects\\Origin Medical Research DE Challenge\\RC-datasets\\data-operations_role-challenge-2_DICOM-processing-analysis\\assets\\dicom-dataset\\I33",
                "C:\\Projects\\Origin Medical Research DE Challenge\\RC-datasets\\data-operations_role-challenge-2_DICOM-processing-analysis\\assets\\dicom-dataset\\I34"
            ]
        },
        {
            "patient_id": "93319",
            "gestaional_age": 231,
            "demographic_age": 23,
            "BMI": "93319",
            "findings": [
                "There is no structural defects and normal flow patterns",
                "no fetal abnormalities detected in this scan"
            ],
            "images": [
                "C:\\Projects\\Origin Medical Research DE Challenge\\RC-datasets\\data-operations_role-challenge-2_DICOM-processing-analysis\\assets\\dicom-dataset\\I35",
                "C:\\Projects\\Origin Medical Research DE Challenge\\RC-datasets\\data-operations_role-challenge-2_DICOM-processing-analysis\\assets\\dicom-dataset\\I36"
            ]
        },
        {
            "patient_id": "43729",
            "gestaional_age": 238,
            "demographic_age": 38,
            "BMI": "43729",
            "findings": [
                "There is no structural defects and normal flow patterns",
                "no fetal abnormalities detected in this scan"
            ],
            "images": [
                "C:\\Projects\\Origin Medical Research DE Challenge\\RC-datasets\\data-operations_role-challenge-2_DICOM-processing-analysis\\assets\\dicom-dataset\\I37",
                "C:\\Projects\\Origin Medical Research DE Challenge\\RC-datasets\\data-operations_role-challenge-2_DICOM-processing-analysis\\assets\\dicom-dataset\\I38"
            ]
        },
        {
            "patient_id": "04007",
            "gestaional_age": 243,
            "demographic_age": 39,
            "BMI": "04007",
            "findings": [
                "There is no structural defects and normal flow patterns",
                "no fetal abnormalities detected in this scan"
            ],
            "images": [
                "C:\\Projects\\Origin Medical Research DE Challenge\\RC-datasets\\data-operations_role-challenge-2_DICOM-processing-analysis\\assets\\dicom-dataset\\I39",
                "C:\\Projects\\Origin Medical Research DE Challenge\\RC-datasets\\data-operations_role-challenge-2_DICOM-processing-analysis\\assets\\dicom-dataset\\I4"
            ]
        },
        {
            "patient_id": "5dee4",
            "gestaional_age": 252,
            "demographic_age": 28,
            "BMI": "5dee4",
            "findings": [
                "There is no structural defects and normal flow patterns",
                "fetal abnormalities detected in this scan"
            ],
            "images": [
                "C:\\Projects\\Origin Medical Research DE Challenge\\RC-datasets\\data-operations_role-challenge-2_DICOM-processing-analysis\\assets\\dicom-dataset\\I40",
                "C:\\Projects\\Origin Medical Research DE Challenge\\RC-datasets\\data-operations_role-challenge-2_DICOM-processing-analysis\\assets\\dicom-dataset\\I41"
            ]
        },
        {
            "patient_id": "c7461",
            "gestaional_age": 285,
            "demographic_age": 22,
            "BMI": "c7461",
            "findings": [
                "There is no structural defects and normal flow patterns",
                "no fetal abnormalities detected in this scan"
            ],
            "images": [
                "C:\\Projects\\Origin Medical Research DE Challenge\\RC-datasets\\data-operations_role-challenge-2_DICOM-processing-analysis\\assets\\dicom-dataset\\I42",
                "C:\\Projects\\Origin Medical Research DE Challenge\\RC-datasets\\data-operations_role-challenge-2_DICOM-processing-analysis\\assets\\dicom-dataset\\I43"
            ]
        },
        {
            "patient_id": "df38b",
            "gestaional_age": 200,
            "demographic_age": 24,
            "BMI": "df38b",
            "findings": [
                "There is no structural defects and normal flow patterns",
                "fetal abnormalities detected in this scan"
            ],
            "images": [
                "C:\\Projects\\Origin Medical Research DE Challenge\\RC-datasets\\data-operations_role-challenge-2_DICOM-processing-analysis\\assets\\dicom-dataset\\I44",
                "C:\\Projects\\Origin Medical Research DE Challenge\\RC-datasets\\data-operations_role-challenge-2_DICOM-processing-analysis\\assets\\dicom-dataset\\I45"
            ]
        },
        {
            "patient_id": "78168",
            "gestaional_age": 289,
            "demographic_age": 24,
            "BMI": "78168",
            "findings": [
                "There is no structural defects and normal flow patterns",
                "fetal abnormalities detected in this scan"
            ],
            "images": [
                "C:\\Projects\\Origin Medical Research DE Challenge\\RC-datasets\\data-operations_role-challenge-2_DICOM-processing-analysis\\assets\\dicom-dataset\\I46",
                "C:\\Projects\\Origin Medical Research DE Challenge\\RC-datasets\\data-operations_role-challenge-2_DICOM-processing-analysis\\assets\\dicom-dataset\\I47"
            ]
        },
        {
            "patient_id": "aac21",
            "gestaional_age": 157,
            "demographic_age": 25,
            "BMI": "aac21",
            "findings": [
                "There is no structural defects and normal flow patterns",
                "no fetal abnormalities detected in this scan"
            ],
            "images": [
                "C:\\Projects\\Origin Medical Research DE Challenge\\RC-datasets\\data-operations_role-challenge-2_DICOM-processing-analysis\\assets\\dicom-dataset\\I48",
                "C:\\Projects\\Origin Medical Research DE Challenge\\RC-datasets\\data-operations_role-challenge-2_DICOM-processing-analysis\\assets\\dicom-dataset\\I49"
            ]
        },
        {
            "patient_id": "e5a94",
            "gestaional_age": 284,
            "demographic_age": 30,
            "BMI": "e5a94",
            "findings": [
                "There is no structural defects and normal flow patterns",
                "no fetal abnormalities detected in this scan"
            ],
            "images": [
                "C:\\Projects\\Origin Medical Research DE Challenge\\RC-datasets\\data-operations_role-challenge-2_DICOM-processing-analysis\\assets\\dicom-dataset\\I5",
                "C:\\Projects\\Origin Medical Research DE Challenge\\RC-datasets\\data-operations_role-challenge-2_DICOM-processing-analysis\\assets\\dicom-dataset\\I50"
            ]
        },
        {
            "patient_id": "1d65b",
            "gestaional_age": 166,
            "demographic_age": 36,
            "BMI": "1d65b",
            "findings": [
                "There is no structural defects and normal flow patterns",
                "no fetal abnormalities detected in this scan"
            ],
            "images": [
                "C:\\Projects\\Origin Medical Research DE Challenge\\RC-datasets\\data-operations_role-challenge-2_DICOM-processing-analysis\\assets\\dicom-dataset\\I51",
                "C:\\Projects\\Origin Medical Research DE Challenge\\RC-datasets\\data-operations_role-challenge-2_DICOM-processing-analysis\\assets\\dicom-dataset\\I52"
            ]
        },
        {
            "patient_id": "167fe",
            "gestaional_age": 264,
            "demographic_age": 26,
            "BMI": "167fe",
            "findings": [
                "There is no structural defects and normal flow patterns",
                "no fetal abnormalities detected in this scan"
            ],
            "images": [
                "C:\\Projects\\Origin Medical Research DE Challenge\\RC-datasets\\data-operations_role-challenge-2_DICOM-processing-analysis\\assets\\dicom-dataset\\I53",
                "C:\\Projects\\Origin Medical Research DE Challenge\\RC-datasets\\data-operations_role-challenge-2_DICOM-processing-analysis\\assets\\dicom-dataset\\I54"
            ]
        },
        {
            "patient_id": "d4d77",
            "gestaional_age": 167,
            "demographic_age": 26,
            "BMI": "d4d77",
            "findings": [
                "There is no structural defects and normal flow patterns",
                "no fetal abnormalities detected in this scan"
            ],
            "images": [
                "C:\\Projects\\Origin Medical Research DE Challenge\\RC-datasets\\data-operations_role-challenge-2_DICOM-processing-analysis\\assets\\dicom-dataset\\I55",
                "C:\\Projects\\Origin Medical Research DE Challenge\\RC-datasets\\data-operations_role-challenge-2_DICOM-processing-analysis\\assets\\dicom-dataset\\I56"
            ]
        },
        {
            "patient_id": "3e668",
            "gestaional_age": 307,
            "demographic_age": 22,
            "BMI": "3e668",
            "findings": [
                "There is no structural defects and normal flow patterns",
                "no fetal abnormalities detected in this scan"
            ],
            "images": [
                "C:\\Projects\\Origin Medical Research DE Challenge\\RC-datasets\\data-operations_role-challenge-2_DICOM-processing-analysis\\assets\\dicom-dataset\\I57",
                "C:\\Projects\\Origin Medical Research DE Challenge\\RC-datasets\\data-operations_role-challenge-2_DICOM-processing-analysis\\assets\\dicom-dataset\\I58"
            ]
        },
        {
            "patient_id": "b48fb",
            "gestaional_age": 253,
            "demographic_age": 30,
            "BMI": "b48fb",
            "findings": [
                "There is no structural defects and normal flow patterns",
                "fetal abnormalities detected in this scan"
            ],
            "images": [
                "C:\\Projects\\Origin Medical Research DE Challenge\\RC-datasets\\data-operations_role-challenge-2_DICOM-processing-analysis\\assets\\dicom-dataset\\I59",
                "C:\\Projects\\Origin Medical Research DE Challenge\\RC-datasets\\data-operations_role-challenge-2_DICOM-processing-analysis\\assets\\dicom-dataset\\I6"
            ]
        },
        {
            "patient_id": "a9724",
            "gestaional_age": 273,
            "demographic_age": 24,
            "BMI": "a9724",
            "findings": [
                "There is no structural defects and normal flow patterns",
                "no fetal abnormalities detected in this scan"
            ],
            "images": [
                "C:\\Projects\\Origin Medical Research DE Challenge\\RC-datasets\\data-operations_role-challenge-2_DICOM-processing-analysis\\assets\\dicom-dataset\\I60",
                "C:\\Projects\\Origin Medical Research DE Challenge\\RC-datasets\\data-operations_role-challenge-2_DICOM-processing-analysis\\assets\\dicom-dataset\\I61"
            ]
        },
        {
            "patient_id": "54c9b",
            "gestaional_age": 237,
            "demographic_age": 36,
            "BMI": "54c9b",
            "findings": [
                "There is no structural defects and normal flow patterns",
                "no fetal abnormalities detected in this scan"
            ],
            "images": [
                "C:\\Projects\\Origin Medical Research DE Challenge\\RC-datasets\\data-operations_role-challenge-2_DICOM-processing-analysis\\assets\\dicom-dataset\\I62",
                "C:\\Projects\\Origin Medical Research DE Challenge\\RC-datasets\\data-operations_role-challenge-2_DICOM-processing-analysis\\assets\\dicom-dataset\\I63"
            ]
        },
        {
            "patient_id": "f27a1",
            "gestaional_age": 319,
            "demographic_age": 39,
            "BMI": "f27a1",
            "findings": [
                "There is no structural defects and normal flow patterns",
                "fetal abnormalities detected in this scan"
            ],
            "images": [
                "C:\\Projects\\Origin Medical Research DE Challenge\\RC-datasets\\data-operations_role-challenge-2_DICOM-processing-analysis\\assets\\dicom-dataset\\I64",
                "C:\\Projects\\Origin Medical Research DE Challenge\\RC-datasets\\data-operations_role-challenge-2_DICOM-processing-analysis\\assets\\dicom-dataset\\I65"
            ]
        },
        {
            "patient_id": "2e200",
            "gestaional_age": 321,
            "demographic_age": 29,
            "BMI": "2e200",
            "findings": [
                "There is no structural defects and normal flow patterns",
                "no fetal abnormalities detected in this scan"
            ],
            "images": [
                "C:\\Projects\\Origin Medical Research DE Challenge\\RC-datasets\\data-operations_role-challenge-2_DICOM-processing-analysis\\assets\\dicom-dataset\\I66",
                "C:\\Projects\\Origin Medical Research DE Challenge\\RC-datasets\\data-operations_role-challenge-2_DICOM-processing-analysis\\assets\\dicom-dataset\\I67"
            ]
        },
        {
            "patient_id": "104d7",
            "gestaional_age": 178,
            "demographic_age": 28,
            "BMI": "104d7",
            "findings": [
                "There is no structural defects and normal flow patterns",
                "no fetal abnormalities detected in this scan"
            ],
            "images": [
                "C:\\Projects\\Origin Medical Research DE Challenge\\RC-datasets\\data-operations_role-challenge-2_DICOM-processing-analysis\\assets\\dicom-dataset\\I68",
                "C:\\Projects\\Origin Medical Research DE Challenge\\RC-datasets\\data-operations_role-challenge-2_DICOM-processing-analysis\\assets\\dicom-dataset\\I69"
            ]
        },
        {
            "patient_id": "e9fed",
            "gestaional_age": 161,
            "demographic_age": 38,
            "BMI": "e9fed",
            "findings": [
                "There is no structural defects and normal flow patterns",
                "fetal abnormalities detected in this scan"
            ],
            "images": [
                "C:\\Projects\\Origin Medical Research DE Challenge\\RC-datasets\\data-operations_role-challenge-2_DICOM-processing-analysis\\assets\\dicom-dataset\\I7",
                "C:\\Projects\\Origin Medical Research DE Challenge\\RC-datasets\\data-operations_role-challenge-2_DICOM-processing-analysis\\assets\\dicom-dataset\\I70"
            ]
        },
        {
            "patient_id": "10390",
            "gestaional_age": 262,
            "demographic_age": 29,
            "BMI": "10390",
            "findings": [
                "There is no structural defects and normal flow patterns",
                "no fetal abnormalities detected in this scan"
            ],
            "images": [
                "C:\\Projects\\Origin Medical Research DE Challenge\\RC-datasets\\data-operations_role-challenge-2_DICOM-processing-analysis\\assets\\dicom-dataset\\I71",
                "C:\\Projects\\Origin Medical Research DE Challenge\\RC-datasets\\data-operations_role-challenge-2_DICOM-processing-analysis\\assets\\dicom-dataset\\I72"
            ]
        },
        {
            "patient_id": "374c6",
            "gestaional_age": 170,
            "demographic_age": 30,
            "BMI": "374c6",
            "findings": [
                "There is no structural defects and normal flow patterns",
                "no fetal abnormalities detected in this scan"
            ],
            "images": [
                "C:\\Projects\\Origin Medical Research DE Challenge\\RC-datasets\\data-operations_role-challenge-2_DICOM-processing-analysis\\assets\\dicom-dataset\\I73",
                "C:\\Projects\\Origin Medical Research DE Challenge\\RC-datasets\\data-operations_role-challenge-2_DICOM-processing-analysis\\assets\\dicom-dataset\\I74"
            ]
        },
        {
            "patient_id": "a8f6e",
            "gestaional_age": 213,
            "demographic_age": 23,
            "BMI": "a8f6e",
            "findings": [
                "There is no structural defects and normal flow patterns",
                "fetal abnormalities detected in this scan"
            ],
            "images": [
                "C:\\Projects\\Origin Medical Research DE Challenge\\RC-datasets\\data-operations_role-challenge-2_DICOM-processing-analysis\\assets\\dicom-dataset\\I75",
                "C:\\Projects\\Origin Medical Research DE Challenge\\RC-datasets\\data-operations_role-challenge-2_DICOM-processing-analysis\\assets\\dicom-dataset\\I76"
            ]
        },
        {
            "patient_id": "6c314",
            "gestaional_age": 208,
            "demographic_age": 37,
            "BMI": "6c314",
            "findings": [
                "There is no structural defects and normal flow patterns",
                "fetal abnormalities detected in this scan"
            ],
            "images": [
                "C:\\Projects\\Origin Medical Research DE Challenge\\RC-datasets\\data-operations_role-challenge-2_DICOM-processing-analysis\\assets\\dicom-dataset\\I77",
                "C:\\Projects\\Origin Medical Research DE Challenge\\RC-datasets\\data-operations_role-challenge-2_DICOM-processing-analysis\\assets\\dicom-dataset\\I78"
            ]
        },
        {
            "patient_id": "22c84",
            "gestaional_age": 183,
            "demographic_age": 23,
            "BMI": "22c84",
            "findings": [
                "There is no structural defects and normal flow patterns",
                "no fetal abnormalities detected in this scan"
            ],
            "images": [
                "C:\\Projects\\Origin Medical Research DE Challenge\\RC-datasets\\data-operations_role-challenge-2_DICOM-processing-analysis\\assets\\dicom-dataset\\I79",
                "C:\\Projects\\Origin Medical Research DE Challenge\\RC-datasets\\data-operations_role-challenge-2_DICOM-processing-analysis\\assets\\dicom-dataset\\I8"
            ]
        },
        {
            "patient_id": "a0daf",
            "gestaional_age": 219,
            "demographic_age": 37,
            "BMI": "a0daf",
            "findings": [
                "There is no structural defects and normal flow patterns",
                "no fetal abnormalities detected in this scan"
            ],
            "images": [
                "C:\\Projects\\Origin Medical Research DE Challenge\\RC-datasets\\data-operations_role-challenge-2_DICOM-processing-analysis\\assets\\dicom-dataset\\I80",
                "C:\\Projects\\Origin Medical Research DE Challenge\\RC-datasets\\data-operations_role-challenge-2_DICOM-processing-analysis\\assets\\dicom-dataset\\I81"
            ]
        },
        {
            "patient_id": "94bb2",
            "gestaional_age": 295,
            "demographic_age": 25,
            "BMI": "94bb2",
            "findings": [
                "There is no structural defects and normal flow patterns",
                "no fetal abnormalities detected in this scan"
            ],
            "images": [
                "C:\\Projects\\Origin Medical Research DE Challenge\\RC-datasets\\data-operations_role-challenge-2_DICOM-processing-analysis\\assets\\dicom-dataset\\I82",
                "C:\\Projects\\Origin Medical Research DE Challenge\\RC-datasets\\data-operations_role-challenge-2_DICOM-processing-analysis\\assets\\dicom-dataset\\I83"
            ]
        },
        {
            "patient_id": "1992c",
            "gestaional_age": 266,
            "demographic_age": 32,
            "BMI": "1992c",
            "findings": [
                "There is no structural defects and normal flow patterns",
                "no fetal abnormalities detected in this scan"
            ],
            "images": [
                "C:\\Projects\\Origin Medical Research DE Challenge\\RC-datasets\\data-operations_role-challenge-2_DICOM-processing-analysis\\assets\\dicom-dataset\\I84",
                "C:\\Projects\\Origin Medical Research DE Challenge\\RC-datasets\\data-operations_role-challenge-2_DICOM-processing-analysis\\assets\\dicom-dataset\\I85"
            ]
        },
        {
            "patient_id": "ddd76",
            "gestaional_age": 191,
            "demographic_age": 26,
            "BMI": "ddd76",
            "findings": [
                "There is no structural defects and normal flow patterns",
                "no fetal abnormalities detected in this scan"
            ],
            "images": [
                "C:\\Projects\\Origin Medical Research DE Challenge\\RC-datasets\\data-operations_role-challenge-2_DICOM-processing-analysis\\assets\\dicom-dataset\\I86",
                "C:\\Projects\\Origin Medical Research DE Challenge\\RC-datasets\\data-operations_role-challenge-2_DICOM-processing-analysis\\assets\\dicom-dataset\\I87"
            ]
        },
        {
            "patient_id": "281dc",
            "gestaional_age": 177,
            "demographic_age": 28,
            "BMI": "281dc",
            "findings": [
                "There is no structural defects and normal flow patterns",
                "no fetal abnormalities detected in this scan"
            ],
            "images": [
                "C:\\Projects\\Origin Medical Research DE Challenge\\RC-datasets\\data-operations_role-challenge-2_DICOM-processing-analysis\\assets\\dicom-dataset\\I88",
                "C:\\Projects\\Origin Medical Research DE Challenge\\RC-datasets\\data-operations_role-challenge-2_DICOM-processing-analysis\\assets\\dicom-dataset\\I89"
            ]
        },
        {
            "patient_id": "ff2ce",
            "gestaional_age": 173,
            "demographic_age": 27,
            "BMI": "ff2ce",
            "findings": [
                "There is no structural defects and normal flow patterns",
                "fetal abnormalities detected in this scan"
            ],
            "images": [
                "C:\\Projects\\Origin Medical Research DE Challenge\\RC-datasets\\data-operations_role-challenge-2_DICOM-processing-analysis\\assets\\dicom-dataset\\I9",
                "C:\\Projects\\Origin Medical Research DE Challenge\\RC-datasets\\data-operations_role-challenge-2_DICOM-processing-analysis\\assets\\dicom-dataset\\I90"
            ]
        },
        {
            "patient_id": "29861",
            "gestaional_age": 210,
            "demographic_age": 35,
            "BMI": "29861",
            "findings": [
                "There is no structural defects and normal flow patterns",
                "no fetal abnormalities detected in this scan"
            ],
            "images": [
                "C:\\Projects\\Origin Medical Research DE Challenge\\RC-datasets\\data-operations_role-challenge-2_DICOM-processing-analysis\\assets\\dicom-dataset\\I91",
                "C:\\Projects\\Origin Medical Research DE Challenge\\RC-datasets\\data-operations_role-challenge-2_DICOM-processing-analysis\\assets\\dicom-dataset\\I92"
            ]
        },
        {
            "patient_id": "4ce7c",
            "gestaional_age": 189,
            "demographic_age": 38,
            "BMI": "4ce7c",
            "findings": [
                "There is no structural defects and normal flow patterns",
                "no fetal abnormalities detected in this scan"
            ],
            "images": [
                "C:\\Projects\\Origin Medical Research DE Challenge\\RC-datasets\\data-operations_role-challenge-2_DICOM-processing-analysis\\assets\\dicom-dataset\\I93",
                "C:\\Projects\\Origin Medical Research DE Challenge\\RC-datasets\\data-operations_role-challenge-2_DICOM-processing-analysis\\assets\\dicom-dataset\\I94"
            ]
        },
        {
            "patient_id": "77259",
            "gestaional_age": 228,
            "demographic_age": 35,
            "BMI": "77259",
            "findings": [
                "There is no structural defects and normal flow patterns",
                "fetal abnormalities detected in this scan"
            ],
            "images": [
                "C:\\Projects\\Origin Medical Research DE Challenge\\RC-datasets\\data-operations_role-challenge-2_DICOM-processing-analysis\\assets\\dicom-dataset\\I95",
                "C:\\Projects\\Origin Medical Research DE Challenge\\RC-datasets\\data-operations_role-challenge-2_DICOM-processing-analysis\\assets\\dicom-dataset\\I96"
            ]
        },
        {
            "patient_id": "d7701",
            "gestaional_age": 188,
            "demographic_age": 22,
            "BMI": "d7701",
            "findings": [
                "There is no structural defects and normal flow patterns",
                "no fetal abnormalities detected in this scan"
            ],
            "images": [
                "C:\\Projects\\Origin Medical Research DE Challenge\\RC-datasets\\data-operations_role-challenge-2_DICOM-processing-analysis\\assets\\dicom-dataset\\I97",
                "C:\\Projects\\Origin Medical Research DE Challenge\\RC-datasets\\data-operations_role-challenge-2_DICOM-processing-analysis\\assets\\dicom-dataset\\I98"
            ]
        }
    ]
}